{
  "project_info": {
    "project_number": "1015688639977",
    "project_id": "ambulanceapp-ab2c8",
    "storage_bucket": "ambulanceapp-ab2c8.appspot.com"
  },
  "client": [
    {
      "client_info": {
        "mobilesdk_app_id": "1:1015688639977:android:8ebafdbe03f020eb138778",
        "android_client_info": {
          "package_name": "com.example.ambulanceapp"
        }
      },
      "oauth_client": [
        {
          "client_id": "1015688639977-h2icfm3tkg23lkv5ofpv0dvt4mkm18bq.apps.googleusercontent.com",
          "client_type": 3
        }
      ],
      "api_key": [
        {
          "current_key": "AIzaSyB1BK1dfQ8WEvF_BUvP2EyeUsZ_C_Nliv8"
        }
      ],
      "services": {
        "appinvite_service": {
          "other_platform_oauth_client": [
            {
              "client_id": "1015688639977-h2icfm3tkg23lkv5ofpv0dvt4mkm18bq.apps.googleusercontent.com",
              "client_type": 3
            }
          ]
        }
      }
    }
  ],
  "configuration_version": "1"
}